{
    "lost-items": [
        {
            "Id_Objeto": 1,
            "Id_Dueño": 2,
            "Id_Encontrado": 3,
            "Nombre_Objeto": "Teléfono Móvil",
            "Descripcion": "iPhone negro con funda azul",
            "Lugar_Perdido": "Sede 4",
            "Fecha_Perdido": "15/09/2024",
            "Id_Estado": 1,
            "Id_Categoria": 1,
            "estado": false
        },
        {
            "Id_Objeto": 2,
            "Id_Dueño": 3,
            "Id_Encontrado": 3,
            "Nombre_Objeto": "Cartera",
            "Descripcion": "Negra con documentos personales",
            "Lugar_Perdido": "Claustro",
            "Fecha_Perdido": "13/09/2024",
            "Id_Estado": 2,
            "Id_Categoria": 2,
            "estado": true
        },
        {
            "Id_Objeto": 3,
            "Id_Dueño": 3,
            "Id_Encontrado": 4,
            "Nombre_Objeto": "Llavero",
            "Descripcion": "Plateado con varias llaves",
            "Lugar_Perdido": "Torres",
            "Fecha_Perdido": "12/09/2024",
            "Id_Estado": 3,
            "Id_Categoria": 4,
            "estado": false
        },
        {
            "Id_Objeto": 4,
            "Id_Dueño": 4,
            "Id_Encontrado": 4,
            "Nombre_Objeto": "Libro",
            "Descripcion": "El Principito en español",
            "Lugar_Perdido": "Torres",
            "Fecha_Perdido": "8/09/2024",
            "Id_Estado": 1,
            "Id_Categoria": 2,
            "estado": true
        },
        {
            "Id_Objeto": 5,
            "Id_Dueño": 6,
            "Id_Encontrado": 5,
            "Nombre_Objeto": "Reloj",
            "Descripcion": "Reloj plateado, marca Seiko",
            "Lugar_Perdido": "Sede 2",
            "Fecha_Perdido": "10/09/2024",
            "Id_Estado": 1,
            "Id_Categoria": 5,
            "estado": true
        },
        {
            "Id_Objeto": 6,
            "Id_Dueño": 7,
            "Id_Encontrado": 6,
            "Nombre_Objeto": "Paraguas",
            "Descripcion": "Paraguas azul con mango de madera",
            "Lugar_Perdido": "Claustro",
            "Fecha_Perdido": "14/09/2024",
            "Id_Estado": 2,
            "Id_Categoria": 4,
            "estado": false
        },
        {
            "Id_Objeto": 7,
            "Id_Dueño": 8,
            "Id_Encontrado": 7,
            "Nombre_Objeto": "Mochila",
            "Descripcion": "Mochila negra con cierre roto",
            "Lugar_Perdido": "Torres",
            "Fecha_Perdido": "6/09/2024",
            "Id_Estado": 1,
            "Id_Categoria": 3,
            "estado": true
        },
        {
            "Id_Objeto": 8,
            "Id_Dueño": 9,
            "Id_Encontrado": 8,
            "Nombre_Objeto": "Portátil",
            "Descripcion": "Laptop HP, color gris",
            "Lugar_Perdido": "Sede 3",
            "Fecha_Perdido": "11/09/2024",
            "Id_Estado": 3,
            "Id_Categoria": 1,
            "estado": false
        },
        {
            "Id_Objeto": 9,
            "Id_Dueño": 10,
            "Id_Encontrado": 9,
            "Nombre_Objeto": "Auriculares",
            "Descripcion": "Auriculares inalámbricos blancos",
            "Lugar_Perdido": "Claustro",
            "Fecha_Perdido": "5/09/2024",
            "Id_Estado": 2,
            "Id_Categoria": 5,
            "estado": true
        },
        {
            "Id_Objeto": 10,
            "Id_Dueño": 11,
            "Id_Encontrado": 10,
            "Nombre_Objeto": "Gorra",
            "Descripcion": "Gorra roja con logotipo de la universidad",
            "Lugar_Perdido": "Sede 1",
            "Fecha_Perdido": "3/09/2024",
            "Id_Estado": 1,
            "Id_Categoria": 3,
            "estado": false
        }
    ]
}